ALTER TABLE cars ADD FOREIGN KEY (userId) REFERENCES users(id);
ALTER TABLE cars ADD FOREIGN KEY (carBrandId) REFERENCES car_brands(id);
ALTER TABLE cars ADD FOREIGN KEY (carModelId) REFERENCES car_models(id);
INSERT INTO qauto.car_brands (title) VALUES ('Audi R8');
INSERT INTO qauto.car_brands (title) VALUES ('BMW X5');
INSERT INTO qauto.car_brands (title) VALUES ('Ford Fiesta');
INSERT INTO qauto.car_brands (title) VALUES ('Porsche 911');
INSERT INTO qauto.car_brands (title) VALUES ('Fiat Ducato');
INSERT INTO qauto.car_models (car_brand_id, title) VALUES (1, 'Audi R8');
INSERT INTO qauto.car_models (car_brand_id, title) VALUES (2, 'BMW X5');
INSERT INTO qauto.car_models (car_brand_id, title) VALUES (3, 'Ford Fiesta');
INSERT INTO qauto.car_models (car_brand_id, title) VALUES (4, 'Porsche 911');
INSERT INTO qauto.car_models (car_brand_id, title) VALUES (5, 'Fiat Ducato');
INSERT INTO qauto.users (firstName, lastName, email, password) VALUES ('Ivan', 'Petrenko', 'ipetrenko92@gmail.com', 'mypassword1234');
INSERT INTO qauto.users (firstName, lastName, email, password) VALUES ('Petro', 'Shevchenko', 'pshevchenko93@gmail.com', 'mypassword1235');
INSERT INTO qauto.users (firstName, lastName, email, password) VALUES ('Taras', 'Kovalenko', 'tkovalenko94@gmail.com', 'mypassword1236');
INSERT INTO qauto.users (firstName, lastName, email, password) VALUES ('Katerina', 'Koval', 'kkoval95@gmail.com', 'mypassword1237');
INSERT INTO qauto.users (firstName, lastName, email, password) VALUES ('Olya', 'Ivanenko', 'oivanenko96@gmail.com', 'mypassword1238');
INSERT INTO qauto.cars (mileage, initialMilleage, userId, carBrandId, carModelId) VALUES (1234, 1200, 1, 1, 1);
INSERT INTO qauto.cars (mileage, initialMilleage, userId, carBrandId, carModelId) VALUES (1235, 1201, 2, 2, 2);
INSERT INTO qauto.cars (mileage, initialMilleage, userId, carBrandId, carModelId) VALUES (1236, 1202, 3, 3, 3);
INSERT INTO qauto.cars (mileage, initialMilleage, userId, carBrandId, carModelId) VALUES (1237, 1203, 4, 4, 4);
INSERT INTO qauto.cars (mileage, initialMilleage, userId, carBrandId, carModelId) VALUES (1238, 1204, 5, 5, 5);